code,system
020400040BDAAAA,bnf
0204000E0BCACAB,bnf
0204000E0BCAEAG,bnf
0205010N0BBABAB,bnf
0204000K0AAANAN,bnf
0205051L0BEABAB,bnf
0205051S0AAABAB,bnf
0205052ACBBABAB,bnf
0206020A0BBAAAA,bnf
0205052ACAAABAB,bnf
0205051F0AAAIAI,bnf
0202040C0BGAAAA,bnf
0206020F0BEAAAB,bnf
0204000H0BGAAAA,bnf
0204000Q0AAABAB,bnf
0205040S0AAAEAE,bnf
0206020F0BDAAAB,bnf
0205051R0BCABAC,bnf
0205051Q0BCAAAA,bnf
0206020F0BHAAAB,bnf
0206020F0BFAAAB,bnf
0206020A0AAALAL,bnf
0204000X0AAABAB,bnf
0206020A0AAAUAU,bnf
0202030C0BFAAAS,bnf
0206020Z0AAABAB,bnf
0205052ABBBABAB,bnf
0206020F0BIAAAB,bnf
0202030C0AAAXAX,bnf
0205051Z0BBAAAA,bnf
0205051Q0AAAAAA,bnf
0205040M0AAAPAP,bnf
0202030S0AACVCV,bnf
0206020A0AAACAC,bnf
0205051I0AABYBY,bnf
0202030S0AAECEC,bnf
0204000H0BJAAAA,bnf
0205040V0AAACAC,bnf
0204000X0AAAAAA,bnf
0205052I0AAAAAA,bnf
0204000R0AACWCW,bnf
0206020F0BIAEAB,bnf
0202010B0BFAAAC,bnf
0205051R0AAAEAE,bnf
0205052I0BEAAAA,bnf
0204000Q0BCAAAB,bnf
0205051L0AAAQAQ,bnf
0202040B0BDAAAA,bnf
0205051Y0BBABAB,bnf
0205040V0BBACAC,bnf
0206020F0AAAHAH,bnf
0204000H0BCAAAA,bnf
0206020F0BJAAAB,bnf
0202010B0AAAQAQ,bnf
0205051L0AAABAB,bnf
0206020R0AABRBR,bnf
0202040B0BCAAAA,bnf
0204000K0BBACAA,bnf
0206020Z0BBABAB,bnf
0204000H0BFADAA,bnf
0206020F0BGAAAB,bnf
0206020R0AABMBM,bnf
0204000P0BBAAAA,bnf
0202030C0AAACAC,bnf
0204000R0BVAACW,bnf
0205051L0AAANAN,bnf
0202040D0BBAAAA,bnf
0205051F0AAEAEA,bnf
0206020F0BBAAAB,bnf
0205051R0BBAHAM,bnf
0202040B0BHAAAA,bnf
0205010J0AAA7A7,bnf
0202030C0AAASAS,bnf
0202030S0AACMCM,bnf
0205051I0BBABAB,bnf
0204000H0AABGBG,bnf
0206020A0BFAAAA,bnf
0205052I0BDAAAA,bnf
0206020Z0AAAAAA,bnf
0205051E0AAAEAE,bnf
0205051F0BCAFCT,bnf
0205052I0BBAAAA,bnf
0202040C0AAACAC,bnf
0205051L0BCABAB,bnf
0205040S0BCACAE,bnf
0205052ACBBADAD,bnf
0205051L0AAAGAG,bnf
0205010J0AAA6A6,bnf
0202040C0BDAAAA,bnf
0205052ABAAABAB,bnf
0205051F0AABNBN,bnf
0205051I0AABZBZ,bnf
0206020A0AAAAAA,bnf
0206020Z0BBAAAA,bnf
0202030S0AADEDE,bnf
0205052ACAAADAD,bnf
0204000H0AAAAAA,bnf
0204000H0AABHBH,bnf
0205040D0AAAKAK,bnf
0204000E0AAADAD,bnf
0202010B0AAACAC,bnf
0204000H0AABBBB,bnf
0205051R0AAACAC,bnf
0205051R0AAAMAM,bnf
0205051F0AADGDG,bnf
0204000H0AAALAL,bnf
0205051Y0AAABAB,bnf
0202010B0BBABAC,bnf
0205051I0AABWBW,bnf
0206020F0BIACAB,bnf
0205051F0AACTCT,bnf
0205051ABAAAAAA,bnf
0205051ACAAAAAA,bnf
0205051I0AAABAB,bnf
0202010B0BEAAAC,bnf
0205051W0AAABAB,bnf
0202040B0BGAAAA,bnf
0205052ABAAAAAA,bnf
0205052ABBBAAAA,bnf
0202040B0AAAAAA,bnf
0202030C0BEAAAC,bnf
0206020F0BLAAAB,bnf
0205010J0AAA5A5,bnf
0205040V0BCABAC,bnf
0206020F0AAABAB,bnf
0205052ACBBAAAA,bnf
0202040B0AAAHAH,bnf
0206020R0AAAAAA,bnf
0205051F0BIABEA,bnf
0205051F0AADJDJ,bnf
0202040D0AAAAAA,bnf
0204000R0AACICI,bnf
0205051Q0BBAAAA,bnf
0206020F0BKAAAB,bnf
0202040C0AAAAAA,bnf
0205052ACAAAAAA,bnf
0204000H0BFAEAL,bnf
0205051C0BBAAAA,bnf
0205051ACAAADAD,bnf
0205051L0BBABAB,bnf
0205051Z0AAAAAA,bnf
0202040C0BBAAAA,bnf
0205051W0BBABAB,bnf
0205051F0AACECE,bnf
0205051E0BBAEAE,bnf
0205051AAAAABAB,bnf
0204000P0AAAAAA,bnf
0205051R0BBACAC,bnf
0206020R0BBAAAA,bnf
0205051C0AAAAAA,bnf
0205010N0AAABAB,bnf
0202040B0BBAAAA,bnf
0202010P0BHAAAD,bnf
0202010P0BGAAAD,bnf
0202010P0BLAAAD,bnf
0205040D0BJAAAQ,bnf
0205052C0BBADAD,bnf
0205052C0BBAAAA,bnf
0205040D0BFAAAQ,bnf
0202010P0BQAAAD,bnf
0205052C0BBACAC,bnf
0202010P0BMAAAD,bnf
0205052C0BBAEAH,bnf
0202010P0BIAAAD,bnf
020400090BBAAAA,bnf
0202040C0BIAAAB,bnf
0202010P0BJAAAD,bnf
0202010P0BKAAAD,bnf
0206020K0BDAAAB,bnf
0202040V0BBAAAA,bnf
0206020R0BXAAAX,bnf
0205040D0BHAAAQ,bnf
0205052C0BBABAB,bnf
0205040D0BEAAAQ,bnf
0205040D0BIAAAQ,bnf
0205051U0BBABAB,bnf
0205051U0BBACAC,bnf
0205051U0BBADAF,bnf
0206020R0CHAAAN,bnf
0205052C0AAAKAK,bnf
0205052C0AAAHAH,bnf
0205052C0AAADAD,bnf
0205052C0AAAAAA,bnf
0205052C0AAAJAJ,bnf
0205052C0AAACAC,bnf
0205052C0AAAIAI,bnf
0205052C0AAABAB,bnf
0202040V0BDAAAC,bnf
0206020C0BZAAAE,bnf
0206020C0BZACAV,bnf
0206020C0BZABAU,bnf
0206020C0BZADAW,bnf
0205052Q0BCABAB,bnf
0205052Q0BCAAAA,bnf
0204000K0BDABAC,bnf
0204000K0BDAAAB,bnf
0204000K0BDACAD,bnf
0202010D0AABCBC,bnf
0205052Y0AAABAB,bnf
0205052X0AAABAB,bnf
0202010D0AABNBN,bnf
0202040S0AAAMAM,bnf
0202010D0AABQBQ,bnf
0202040S0AAAJAJ,bnf
0202010D0AACHCH,bnf
0205052R0AAAAAA,bnf
0202010D0AACZCZ,bnf
0205052P0AAABAB,bnf
0204000W0AAAAAA,bnf
0202010D0AADFDF,bnf
0202010L0AAABAB,bnf
0204000B0AAAAAA,bnf
0202010L0AAASAS,bnf
0202010D0AADGDG,bnf
0202010D0AABVBV,bnf
0202010D0AABDBD,bnf
0202010D0AABFBF,bnf
0202040S0AAAFAF,bnf
0205052R0AAACAC,bnf
0202010D0AACLCL,bnf
0202010D0AACUCU,bnf
0205052X0AAAAAA,bnf
020400040BEAAAA,bnf
0202010F0AAAAAA,bnf
0202010L0AAAKAK,bnf
0202010L0AAAPAP,bnf
0202040S0AAAPAP,bnf
0202010L0AAACAC,bnf
0202010D0AABKBK,bnf
0202040S0AAABAB,bnf
0202010D0AADBDB,bnf
0202010L0AAAUAU,bnf
0202010D0AACPCP,bnf
0202010D0AABGBG,bnf
0202040S0AAARAR,bnf
0202010D0AABJBJ,bnf
0202010D0AABEBE,bnf
020400040BEABAB,bnf
0202010L0AAAXAX,bnf
0202040S0AAAQAQ,bnf
0202010D0AACRCR,bnf
0205052R0AAABAB,bnf
0202040S0AAAHAH,bnf
0202010D0AACECE,bnf
0202010L0AAAYAY,bnf
0205052P0AAAAAA,bnf
0202010D0AABXBX,bnf
0205051P0AAAAAA,bnf
0202010D0AACICI,bnf
0202010D0AABTBT,bnf
0202010L0AAAMAM,bnf
0202010L0AAATAT,bnf
0205052Y0AAACAC,bnf
0202010F0AAAKAK,bnf
0204000W0AAABAB,bnf
0202010D0AABWBW,bnf
0202010D0AAAUAU,bnf
0202010D0AACWCW,bnf
0202010L0AAAQAQ,bnf
0205052X0AAACAC,bnf
0205052Y0AAAAAA,bnf
0202010L0AAANAN,bnf
0205051K0AAABAB,bnf
0202010D0AACTCT,bnf
0202010D0AACJCJ,bnf
0202040V0AAAAAA,bnf
0202010D0AADDDD,bnf
0202010D0AACMCM,bnf
0202010D0AAAFAF,bnf
0202040S0AAANAN,bnf
0202010D0AADCDC,bnf
0202040S0AAAIAI,bnf
0202080B0AAAAAA,bnf
0205052A0AAABAB,bnf
0202080B0AAABAB,bnf
0202010D0AABHBH,bnf
0202010D0AACBCB,bnf
0202040S0AAAKAK,bnf
0202040S0AAAAAA,bnf
0205052A0AAAAAA,bnf
0202010D0AADEDE,bnf
0205051K0AAAAAA,bnf
0202010L0AAAJAJ,bnf
0202010D0AABZBZ,bnf
0202010D0AACSCS,bnf
0202010D0AABPBP,bnf
0202010D0AABMBM,bnf
0202010D0AABBBB,bnf
0205052A0AAACAC,bnf
0202010D0AABUBU,bnf
0202010D0AACGCG,bnf
0202010L0AAALAL,bnf
0202010D0AACYCY,bnf
0202010L0AAAVAV,bnf
0205052P0AAACAC,bnf
0202010D0AABIBI,bnf
0202010D0AACNCN,bnf
0205051H0AAAAAA,bnf
0202010D0AACKCK,bnf
0202010D0AACDCD,bnf
0204000R0AAAJAJ,bnf
0205052B0BBACAC,bnf
0204000M0AAAJAJ,bnf
0204000K0AAARAR,bnf
0202030S0AADIDI,bnf
0205052ABBBACAC,bnf
0206020T0AAACAC,bnf
0206020T0BKAAAV,bnf
0205052V0AAAAAA,bnf
0205052V0AAADAD,bnf
0206020R0AAAXAX,bnf
0205051L0AAARAR,bnf
0206020T0AAAVAV,bnf
0204000R0AADBDB,bnf
0205052B0AAACAC,bnf
0205052Q0AAADAD,bnf
0205052Q0AAAAAA,bnf
0205052V0AAAEAE,bnf
0206020T0AAAZAZ,bnf
0204000M0AAAAAA,bnf
0204000R0BDAIAJ,bnf
0205051I0AABVBV,bnf
0205052ABAAACAC,bnf
0204000M0AAACAC,bnf
0204000R0AACLCL,bnf
0202030S0AAATAT,bnf
0202030S0AAEAEA,bnf
0205040M0AAAMAM,bnf
0204000R0AADGDG,bnf
0202010B0AAABAB,bnf
0205051F0AADMDM,bnf
0205040I0BBAAAA,bnf
0205010J0AAA8A8,bnf
0206020R0AABCBC,bnf
0206020I0BBAAAA,bnf
0204000R0AACKCK,bnf
0204000M0AAAKAK,bnf
0202040H0BCAAAA,bnf
0205052ACBBAEAE,bnf
0202010P0BDAAAA,bnf
0205051R0BBABAB,bnf
0204000H0BFABAJ,bnf
0205051F0BCABAE,bnf
0202030C0AAA4A4,bnf
0205010J0BBAAAG,bnf
0205051F0AADZDZ,bnf
0205051R0AAATAT,bnf
0205051R0AAAFAF,bnf
0204000H0AABEBE,bnf
0202040H0AAAAAA,bnf
0202010P0AAAAAA,bnf
0206020R0AABKBK,bnf
0205051L0AAAAAA,bnf
0205052N0AAAGAG,bnf
0202040H0BDAAAA,bnf
0202030S0AADADA,bnf
0205051AAAAAAAA,bnf
0204000H0BKABAJ,bnf
0205051E0AAADAD,bnf
0205051Y0AAAAAA,bnf
0202040H0BBAAAA,bnf
0205010J0AABQBQ,bnf
0204000E0BBABAA,bnf
0204000R0AACSCS,bnf
0205051R0AAAVAV,bnf
0205051I0BBAAAA,bnf
0202040A0BBAAAA,bnf
0205051R0AAALAL,bnf
0204000A0BBAAAA,bnf
0205051L0BCAAAA,bnf
0204000E0BBAEAG,bnf
0204000K0AAAPAP,bnf
0204000E0AAAAAA,bnf
0205051G0BBAAAA,bnf
0204000K0AAASAS,bnf
0205010N0BBAAAA,bnf
0205010J0AAAGAG,bnf
0205051Y0BBAAAA,bnf
0206020F0BLAEAD,bnf
020400040BCAAAB,bnf
0205040D0AAATAT,bnf
0204000A0AAAAAA,bnf
0205051I0AABBBB,bnf
0205051F0AABWBW,bnf
0202030S0AAEFEF,bnf
0205040I0AAAAAA,bnf
0205051R0BBAGAL,bnf
0205051I0AAAAAA,bnf
0204000Q0BBAAAA,bnf
0205051L0AAAIAI,bnf
0205051E0BBADAD,bnf
0206020F0AAADAD,bnf
0206020F0AAAEAE,bnf
0204000Q0AAAAAA,bnf
0205051R0AAABAB,bnf
0202010P0AAABAB,bnf
0205051F0AAAEAE,bnf
0204000H0BKADAJ,bnf
0204000H0AABFBF,bnf
0205051I0AAAJAJ,bnf
0205052N0AAAAAA,bnf
0206020I0AAAAAA,bnf
0206020F0BLADAD,bnf
0205051I0BEAAAA,bnf
0202040V0AAACAC,bnf
0204000E0AAAGAG,bnf
0206020F0BLACAD,bnf
0206020A0AAAVAV,bnf
0206020F0AAAIAI,bnf
0205051L0BEAAAA,bnf
0204000E0AAANAN,bnf
0204000H0AAAJAJ,bnf
0202010B0AAAXAX,bnf
0205051F0AABYBY,bnf
0206020F0AAAGAG,bnf
0205052N0AAAIAI,bnf
0205051S0AAAAAA,bnf
0205052ACAAAEAE,bnf
0205051L0BBAAAA,bnf
0204000H0BGABAB,bnf
0204000H0BFACAK,bnf
0204000H0BFAFAB,bnf
0202040B0AAACAC,bnf
0202040B0AAAIAI,bnf
0205051R0AAAIAI,bnf
0205051R0BBAEAI,bnf
0205051R0BBAJAU,bnf
0205051R0AAAUAU,bnf
0205053A0AAAAAA,bnf
0205053A0AAABAB,bnf
0205051Q0BCADAD,bnf
0205051Q0BCABAB,bnf
0205051Y0AAACAC,bnf
0204000R0BGAGAB,bnf
0204000R0BGAFAA,bnf
0204000R0BGACAK,bnf
0204000R0BGABAJ,bnf
0204000R0BGAAAH,bnf
0202030S0AADQDQ,bnf
0202030S0AADSDS,bnf
0202030S0AADVDV,bnf
0202030S0AACYCY,bnf
0202030S0AADJDJ,bnf
0202030S0AACWCW,bnf
0202030S0AADXDX,bnf
0202030S0AADUDU,bnf
0202030S0AADCDC,bnf
0202030S0AADLDL,bnf
0202030S0AADTDT,bnf
0202030S0AADBDB,bnf
0202030S0AADGDG,bnf
0202030S0AADMDM,bnf
0205020E0BBAAAC,bnf
0205051U0BBAAAA,bnf
0202030C0AAAYAY,bnf
0205040S0AAAIAI,bnf
0205020M0BBAAAA,bnf
0204000H0AABDBD,bnf
0205051E0BBABAB,bnf
0205051L0AAAMAM,bnf
0205040S0AAABAB,bnf
0205051F0AACCCC,bnf
0205020E0AAACAC,bnf
0205040S0BBAAAB,bnf
0205051R0AAAJAJ,bnf
0205020E0AAADAD,bnf
0205040S0AAAJAJ,bnf
0202030C0AAA5A5,bnf
0202030C0AABDBD,bnf
0205020M0BBABAB,bnf
0205020E0BBACAA,bnf
0205051F0AACFCF,bnf
0205020M0BBACAC,bnf
0202010J0BBAAAA,bnf
0205051I0AAAVAV,bnf
0205020M0BBAEAB,bnf
0205020E0BBABAD,bnf
0205020M0BBADAA,bnf
0205020M0BBAFAC,bnf
0205040D0AAAUAU,bnf
0205051E0AAABAB,bnf
0205051I0AAARAR,bnf
0205051U0AAAAAA,bnf
0202030C0AABCBC,bnf
0206020R0BQABAN,bnf
0206020R0BQACAE,bnf
0206020R0BQAAAR,bnf
0206020R0BBAIAP,bnf
0205052W0BBACAC,bnf
0205052W0AAACAC,bnf
0206020C0AAARAR,bnf
0206020C0BEAAAA,bnf
0206020C0BYAAAJ,bnf
0206020R0BRADAP,bnf
0206020C0BWAEAJ,bnf
0206020C0AAAJAJ,bnf
0205020H0AAAKAK,bnf
0206020R0CFACAP,bnf
0206020C0BRAAAJ,bnf
0206020R0CHABAP,bnf
0206020C0BBAAAA,bnf
0206020C0AABIBI,bnf
0206020C0BPACAJ,bnf
0206020C0BUAAAJ,bnf
0206020C0AAAAAA,bnf
0206020R0AABFBF,bnf
0206020R0AABPBP,bnf
0206020C0BQAAAA,bnf
0206020R0BGADBF,bnf
0206020C0BSAAAJ,bnf
0206020R0AAAPAP,bnf
0202030S0AAAVAV,bnf
0204000K0BJAAAC,bnf
0205030H0AAAAAA,bnf
0205040M0BBAAAC,bnf
0206020F0BMAAAC,bnf
0202030S0AAEEEE,bnf
0205010AAAAAAAA,bnf
0202030S0AACQCQ,bnf
0204000V0BBAAAA,bnf
0205051F0AABRBR,bnf
0204000V0AAAAAA,bnf
0202030S0AAEDED,bnf
0204000R0BWAAAH,bnf
0202030S0AACRCR,bnf
0205051F0AADCDC,bnf
0206020T0BDAGAU,bnf
0206020T0BDACAF,bnf
0206020T0BDAEAH,bnf
0206020C0BNAEBA,bnf
0206020C0AABABA,bnf
0205051Q0BBADAD,bnf
0205051Q0BBABAB,bnf
0205052N0AAAHAH,bnf
0204000H0AABJBJ,bnf
0204000H0AAAMAM,bnf
0205020H0AAALAL,bnf
0205010J0AABPBP,bnf
0205051F0AACICI,bnf
0205051F0AAADAD,bnf
0205051R0BBAFAK,bnf
020400040BBAAAA,bnf
0205052ACBBACAC,bnf
0205051R0BBAAAA,bnf
0204000H0AABIBI,bnf
0205051P0BBAAAA,bnf
0204000B0BBAAAA,bnf
0205052ACAAACAC,bnf
0205051F0BCADAD,bnf
0204000E0AAAQAQ,bnf
0204000K0AAAFAF,bnf
0205051R0AAAGAG,bnf
0204000K0AAAWAW,bnf
0205051N0AAAAAA,bnf
0205010J0AABBBB,bnf
0205051I0AACBCB,bnf
0204000E0AAAMAM,bnf
0205051F0AABVBV,bnf
0205051R0AAAKAK,bnf
0205051I0AABFBF,bnf
0205051F0AADLDL,bnf
0202030S0AADKDK,bnf
0205051I0AABLBL,bnf
0204000H0BFAAAM,bnf
0204000K0AABLBL,bnf
0202030S0AACXCX,bnf
0202030C0AABABA,bnf
0204000K0AABIBI,bnf
0205051F0AADQDQ,bnf
0205052Y0BBACAC,bnf
0202040B0AAAMAM,bnf
0202030S0AAEGEG,bnf
0205051R0AAAAAA,bnf
0202010B0AAAUAU,bnf
0205052N0AAALAL,bnf
0204000K0AABKBK,bnf
0205051F0AABTBT,bnf
0202030S0AADPDP,bnf
0205052N0BBABAB,bnf
0205052N0BBADAH,bnf
0205052P0BBACAC,bnf
0205052N0BBAAAA,bnf
0205052P0BBABAB,bnf
0205052N0BBAEAI,bnf
0205052P0BBAAAA,bnf
0205052N0BBACAD,bnf
0206020L0BBABAB,bnf
0206020Q0AAAAAA,bnf
0202040T0AAAAAA,bnf
0205052V0BBAEAF,bnf
0204000N0AAABAB,bnf
0205051I0BBADAD,bnf
0205051Q0AAACAC,bnf
0205051L0BCADAD,bnf
0206020R0BBAJAR,bnf
0204000M0AAAHAH,bnf
0205052ADAAAAAA,bnf
0205052I0AAAJAJ,bnf
0206020Q0BBAAAA,bnf
0205051J0AAABAB,bnf
0205052ADBBAAAA,bnf
0205051L0BBADAD,bnf
0205052Q0BBACAC,bnf
0205051L0AAADAD,bnf
0206020C0AABGBG,bnf
0205052V0AAAFAF,bnf
0206020R0BHACAR,bnf
0204000G0AAAAAA,bnf
0205051L0AAAYAY,bnf
0206020R0AAAHAH,bnf
0206020R0BVAAAR,bnf
0205051Q0BBACAC,bnf
0204000U0BCAAAA,bnf
0205052B0BBABAB,bnf
0206020Q0AAAFAF,bnf
0204000N0BFAAAB,bnf
0202030S0AADDDD,bnf
0205051I0AAADAD,bnf
0206020R0BGAAAH,bnf
0205051W0AAACAC,bnf
0205010J0AAA9A9,bnf
0202040B0AAABAB,bnf
0205052B0AAABAB,bnf
0205052Y0BBAAAA,bnf
0205052Y0BBABAB,bnf
0206020R0AAARAR,bnf
0205051I0AAAPAP,bnf
0205052N0AAAKAK,bnf
0204000K0AAAZAZ,bnf
0206020W0AAABAB,bnf
0205051L0AAAZAZ,bnf
0204000G0BBAAAA,bnf
0205051F0AABPBP,bnf
0206020R0CDAAAR,bnf
0204000U0AAAAAA,bnf
0205051H0BBAAAA,bnf
0206020R0BBAFAR,bnf
0206020R0AABGBG,bnf
0206020T0AAA2A2,bnf
0205051W0BBACAC,bnf
0205052Q0BCACAC,bnf
0202040T0BBAAAA,bnf
0205051Q0BCACAC,bnf
0204000M0AAAGAG,bnf
0202040B0BBABAB,bnf
0202040B0AAAJAJ,bnf
0205051J0AAACAC,bnf
0206020R0CKAAAR,bnf
0204000R0AACPCP,bnf
0205052Q0AAACAC,bnf
0205051L0BEADAD,bnf
0206020F0BEABAC,bnf
0206020F0BEACAD,bnf
0206020R0BBAHAN,bnf
0206020R0BBAGAE,bnf
0204000U0BBAAAA,bnf
0206020R0BBABAB,bnf
0206020T0AAA1A1,bnf
0205052V0AAAIAI,bnf
0206020C0AAAVAV,bnf
0205040D0AAAVAV,bnf
0206020T0AAADAD,bnf
0204000R0AACNCN,bnf
0204000R0AAAAAA,bnf
0204000M0AAAEAE,bnf
0206020T0AAAJAJ,bnf
0204000M0AAABAB,bnf
0205052V0AAABAB,bnf
0204000R0AAAKAK,bnf
0205040D0AAAQAQ,bnf
0205040D0AABABA,bnf
0205040D0AAACAC,bnf
0205040D0AAAYAY,bnf
0205040D0AAAXAX,bnf
0205040D0AAASAS,bnf
0205040D0AAAWAW,bnf
0205040D0AABBBB,bnf
0205040D0AAAPAP,bnf
0205040D0AAAHAH,bnf
0205040D0AAARAR,bnf
0205040D0AAAIAI,bnf
0205040D0AAAZAZ,bnf
0205040D0AAAFAF,bnf
0205040D0AAAAAA,bnf
0205040D0AAABAB,bnf
0206020C0BJABAU,bnf
0206020C0BJAEAE,bnf
0206020C0BJAAAT,bnf
0206020C0BJACAV,bnf
0206020C0BJADAW,bnf
0202080B0BCAAAB,bnf
0202010B0BEABAB,bnf
0205052I0AAABAB,bnf
0205052I0AAAFAF,bnf
0205053A0BBAAAA,bnf
0205051F0AADSDS,bnf
0205051F0AADFDF,bnf
0205051F0AAA2A2,bnf
0205051F0AACKCK,bnf
0205051F0AADEDE,bnf
0205051F0AACNCN,bnf
0205051F0AACJCJ,bnf
0205051F0AACGCG,bnf
0205051F0AACHCH,bnf
0205051F0AACLCL,bnf
0205051F0AABZBZ,bnf
0205051F0AACDCD,bnf
0205051F0AADPDP,bnf
0205051F0AACZCZ,bnf
0205051F0AABSBS,bnf
0205051F0AACUCU,bnf
0205051F0AAAKAK,bnf
0205051F0AABKBK,bnf
0205051F0AADADA,bnf
0205051F0AACRCR,bnf
0205051F0AADDDD,bnf
0206020W0BBACAC,bnf
0206020W0BBAAAA,bnf
0206020W0BBABAB,bnf
0206020C0BTAAAA,bnf
0205051V0BBAAAA,bnf
0202080B0BBAAAA,bnf
0204000Y0BBAAAA,bnf
0206020C0BVAAAV,bnf
0206020C0BVABAW,bnf
0206020C0BVACAE,bnf
0205052ADAAACAC,bnf
0205052ADAAABAB,bnf
0202010D0BCABCY,bnf
0202010D0BCAAAU,bnf
0204000N0AAAFAF,bnf
0204000N0AAADAD,bnf
0204000N0AAALAL,bnf
0204000N0AAACAC,bnf
0204000K0AABMBM,bnf
0205020H0AAAJAJ,bnf
0202030S0AAAUAU,bnf
0204000E0AAABAB,bnf
0205051F0AACACA,bnf
0205010J0AAA4A4,bnf
0205020H0AAAEAE,bnf
0202030W0BBAAAA,bnf
0202030S0AAEBEB,bnf
0204000E0AAARAR,bnf
0205052N0AAAJAJ,bnf
0205051F0AAAFAF,bnf
0206020C0AABEBE,bnf
0204000R0AACYCY,bnf
0205010J0AAAHAH,bnf
0205020H0AAAHAH,bnf
0204000R0AACHCH,bnf
0205052N0AAABAB,bnf
0205052N0AAAEAE,bnf
0204000K0AAATAT,bnf
0202040U0BBAAAA,bnf
0202030S0AACPCP,bnf
0204000K0AAABAB,bnf
0206020T0AABGBG,bnf
0206020A0AAAFAF,bnf
0202010F0BBAAAA,bnf
0205051F0AADUDU,bnf
0205010J0AABEBE,bnf
0205010J0AABSBS,bnf
0205010J0AABHBH,bnf
0205010J0BCAABK,bnf
0205010J0AABIBI,bnf
0205010J0AABFBF,bnf
0205010J0AABRBR,bnf
0205010J0AABTBT,bnf
0205010J0AABKBK,bnf
0205010J0AAA3A3,bnf
0205010J0AABLBL,bnf
0202010B0BBAAAB,bnf
0204000C0BBADAD,bnf
0204000C0BBABAB,bnf
0204000C0BBAAAA,bnf
0202010P0AAAFAF,bnf
0202010P0AAADAD,bnf
0206020R0AABQBQ,bnf
0206020R0AABLBL,bnf
0206020R0AAAUAU,bnf
0206020R0AAAMAM,bnf
0206020R0AAABAB,bnf
0206020R0AABJBJ,bnf
0206020R0AABNBN,bnf
0206020R0AABHBH,bnf
0206020R0AAAEAE,bnf
0206020T0BFABAJ,bnf
0206020T0BFACAK,bnf
0206020T0BFAAAI,bnf
0202030X0AAAAAA,bnf
0202030X0AAABAB,bnf
0205051R0BBAIAN,bnf
0205051R0BBADAD,bnf
0205051V0AAAAAA,bnf
0205051U0AAABAB,bnf
0205051U0AAACAC,bnf
0205051U0AAAFAF,bnf
0205051U0AAAGAG,bnf
0206020C0AAAXAX,bnf
0202030S0AADHDH,bnf
0204000K0AAADAD,bnf
0205051F0BDACAF,bnf
0205051F0BDABAE,bnf
0205051F0BDAAAD,bnf
0205052N0AAADAD,bnf
0205052N0AAAFAF,bnf
0206020R0BUACAN,bnf
0206020R0BUADAP,bnf
0204000P0AAABAB,bnf
0206020C0BPABAU,bnf
0206020C0BPAAAT,bnf
0205051J0BBABAB,bnf
0205051J0BBAAAA,bnf
0205051G0AAABAB,bnf
0205051G0AAAAAA,bnf
0204000C0AAAAAA,bnf
0204000C0AAABAB,bnf
0204000C0AAADAD,bnf
0204000K0AABBBB,bnf
0205051F0AABXBX,bnf
0205051F0AACXCX,bnf
0205010J0AABABA,bnf
0204000K0AABCBC,bnf
0202030S0AACTCT,bnf
0205051F0AADNDN,bnf
0204000H0AAAKAK,bnf
0205051I0AAAXAX,bnf
0202010B0AAAVAV,bnf
0205051L0AAASAS,bnf
0202040C0AAABAB,bnf
0206020C0BRACAU,bnf
0206020C0BRAEAE,bnf
0206020C0BRADAW,bnf
0206020C0BRABAT,bnf
0206020R0BLAAAR,bnf
0206020R0BLABAE,bnf
0206020C0BFAJAX,bnf
0206020C0BFAHAV,bnf
0206020C0BFAIAW,bnf
0206020C0BFAFAE,bnf
0206020C0BFAGAU,bnf
0206020C0BMAAAE,bnf
0206020C0BMADAW,bnf
0206020C0BMABAU,bnf
0206020C0BMACAV,bnf
0202010P0BPAAAD,bnf
0202010P0BNAAAD,bnf
0205052V0BBABAB,bnf
0205052X0BBACAC,bnf
0205052V0BBAAAA,bnf
0205052V0BBACAC,bnf
0205052X0BBAAAA,bnf
0205052V0BBADAD,bnf
0205052X0BBABAB,bnf
0205052V0BBAFAJ,bnf
0206020K0AAADAD,bnf
0206020K0AAAEAE,bnf
0206020K0AAAAAA,bnf
0206020K0AAABAB,bnf
0206020R0CGABAR,bnf
0206020R0CGAAAE,bnf
0204000H0AAAEAE,bnf
0204000H0AAABAB,bnf
0204000H0AAARAR,bnf
0204000H0AAASAS,bnf
0205051W0BBAAAA,bnf
0202040B0AAALAL,bnf
0202040U0AAAAAA,bnf
0206020C0BHAAAJ,bnf
0206020C0BHABAT,bnf
0206020C0BHAFAW,bnf
0206020C0BHACAU,bnf
0206020C0BHADAU,bnf
0206020C0BHAEAV,bnf
0206020F0BHABAC,bnf
0204000R0BNAAAB,bnf
0204000R0BNACAB,bnf
0204000R0BNAEAA,bnf
0204000R0BNAFAB,bnf
0204000R0BNADAA,bnf
0204000R0BNABAA,bnf
0202040G0AAAAAA,bnf
0202040G0AAABAB,bnf
0205051F0BIAADZ,bnf
0205052I0BBABAB,bnf
0205052A0BBACAC,bnf
0205052A0BBAAAA,bnf
0205052I0BBACAC,bnf
0205052A0BBABAB,bnf
0205051E0AAACAC,bnf
0204000R0BZACAH,bnf
0204000R0BZAAAK,bnf
0204000R0BZABAJ,bnf
0205051I0AAAZAZ,bnf
0205051I0AAAYAY,bnf
0205051I0AAASAS,bnf
0205051I0AAAWAW,bnf
0205051I0AABTBT,bnf
0205051I0AABNBN,bnf
0205051I0AAATAT,bnf
0205051I0AABCBC,bnf
0205051I0AABQBQ,bnf
0205051I0AABSBS,bnf
0205051I0AACACA,bnf
0205051I0AAAUAU,bnf
0205051I0AAACAC,bnf
0206020C0BNACAW,bnf
0206020C0BNABAV,bnf
0206020C0BNADAE,bnf
0206020C0BNAAAU,bnf
0206020T0BCAAAC,bnf
0206020T0BCABAD,bnf
0206020T0BCAFAH,bnf
0206020T0BCADAG,bnf
0206020T0BCACAF,bnf
0205020E0BBAFAG,bnf
0205020E0BBAEAF,bnf
0205020E0BBAGAH,bnf
0204000R0BDAGAH,bnf
0204000R0BDACAB,bnf
0204000R0BDAFAA,bnf
0204000R0BDADAA,bnf
0204000R0BDAJAK,bnf
0204000R0BDAEAB,bnf
0204000R0BDAHAL,bnf
0205051M0AAABAB,bnf
0205051M0AAAAAA,bnf
0205051ACAAACAC,bnf
0205051M0AAAFAF,bnf
0205051M0AAAHAH,bnf
0205051M0AAAMAM,bnf
0205051M0AAACAC,bnf
0205051M0AAAKAK,bnf
0205051ACAAABAB,bnf
0205051M0AAALAL,bnf
0205051M0AAADAD,bnf
0206020R0BVACAP,bnf
0206020R0BVABAN,bnf
0205051K0BEAAAB,bnf
0205051K0BEABAA,bnf
0206020F0BDABAD,bnf
0206020F0BDACAC,bnf
0206020F0BKABAC,bnf
0206020F0BKACAD,bnf
0206020F0AAACAC,bnf
0202030S0BBAAAT,bnf
0202030S0BBACAV,bnf
0202030S0BBABAU,bnf
0206020C0BIACAW,bnf
0206020C0BIAAAU,bnf
0206020C0BIADAE,bnf
0206020C0BIABAV,bnf
0206020C0AABFBF,bnf
0206020C0AAASAS,bnf
0206020C0AAAUAU,bnf
0206020C0AABHBH,bnf
0206020C0AAATAT,bnf
0206020C0AAAWAW,bnf
0206020C0AABBBB,bnf
0206020C0AAAZAZ,bnf
0206020C0AAAEAE,bnf
0206020C0AABCBC,bnf
0206020C0AAACAC,bnf
0205040V0BCAAAB,bnf
0205040D0BDAAAA,bnf
0205040D0BDACAC,bnf
0205040D0BDADAQ,bnf
0205040D0BDABAB,bnf
0205051F0BFABAE,bnf
0205051F0BFACAF,bnf
0205051F0BFAAAD,bnf
0205051Q0AAABAB,bnf
0205051Q0AAADAD,bnf
020400040AAAAAA,bnf
020400040AAACAC,bnf
020400040AAABAB,bnf
0205052I0AAAMAM,bnf
0205052I0AAACAC,bnf
0205052I0AAAGAG,bnf
0205052V0AAAHAH,bnf
0205052V0AAACAC,bnf
0206020Z0AAACAC,bnf
0205052V0AAAJAJ,bnf
0205052V0AAAGAG,bnf
0205010N0AAAAAA,bnf
0205010N0AAACAC,bnf
0206020R0BTAAAS,bnf
0206020R0AAASAS,bnf
0206020T0BMADAU,bnf
0206020T0BMACAH,bnf
0206020T0BMABAH,bnf
0206020T0BMAAAU,bnf
0202030W0AAAAAA,bnf
0206020B0AAAAAA,bnf
0206020B0AAABAB,bnf
0205052R0BDABAB,bnf
0205052R0BDAAAA,bnf
0205052R0BDACAC,bnf
0206020W0AAAAAA,bnf
0206020W0AAACAC,bnf
0205040D0BBAEAR,bnf
0205040D0BBADAQ,bnf
0205040D0BBAAAA,bnf
0205040D0BBABAB,bnf
0206020R0CBAEAR,bnf
0206020R0CBABAR,bnf
0206020R0CBAAAE,bnf
0206020R0CBACAE,bnf
0206020R0CBADAR,bnf
0205020E0AAAHAH,bnf
0205020E0AAAGAG,bnf
0205020E0AAAFAF,bnf
0204000W0BBABAB,bnf
0204000K0BBAAAB,bnf
0204000W0BBAAAA,bnf
0204000K0BBABAC,bnf
0205052I0AAAKAK,bnf
0205051F0AAAHAH,bnf
0205051M0AAAJAJ,bnf
0205052I0AAAIAI,bnf
0205052I0AAALAL,bnf
0205051M0BBABAB,bnf
0205051N0BBAAAA,bnf
0205051M0BBACAF,bnf
0205051M0BBAAAA,bnf
0205051Y0BBACAC,bnf
0205052R0BBAAAA,bnf
0205052R0BBACAC,bnf
0205052Q0BBABAB,bnf
0205052Q0BBAAAA,bnf
0205052R0BBABAB,bnf
0206020A0AAAGAG,bnf
0206020A0AAABAB,bnf
0206020A0AAANAN,bnf
0206020A0AAAMAM,bnf
0206020A0AAADAD,bnf
0206020Q0BBADAD,bnf
0206020Q0BBACAC,bnf
0206020Q0BBABAB,bnf
0205051L0BCACAC,bnf
0205051K0BCAAAA,bnf
0205051K0BCABAB,bnf
0205051I0BBACAC,bnf
0202010J0AAAAAA,bnf
0202040A0AAAAAA,bnf
0205051R0AAAHAH,bnf
0205051R0AAADAD,bnf
0205051R0AAANAN,bnf
0204000K0AABJBJ,bnf
0204000K0AAAMAM,bnf
0204000K0AABABA,bnf
0204000K0AAAQAQ,bnf
0204000K0AABGBG,bnf
0204000K0AAAYAY,bnf
0204000K0AAACAC,bnf
0204000K0AABFBF,bnf
0206020L0AAABAB,bnf
0206020L0AAAAAA,bnf
0205040S0BBAEAA,bnf
0205040V0BBAEAA,bnf
0206020T0AABABA,bnf
0206020T0AAAGAG,bnf
0206020T0AAAIAI,bnf
0206020T0AAAUAU,bnf
0206020T0AABDBD,bnf
0206020T0AABIBI,bnf
0206020T0AAA3A3,bnf
0206020T0AAAFAF,bnf
0205051K0BFAAAA,bnf
0205051K0BFABAB,bnf
020400060AAABAB,bnf
020400060AAAAAA,bnf
020400060AAACAC,bnf
0205040V0BBABAB,bnf
0205040V0BBADAD,bnf
0205051F0BHAAAD,bnf
0205051F0BHABAF,bnf
0205051F0BHACAE,bnf
0205051K0BBABAB,bnf
0205051K0BBAAAA,bnf
0206020R0BGACBE,bnf
0206020R0BGABAM,bnf
0206020R0AABDBD,bnf
0206020M0BBABAB,bnf
0204000K0AABHBH,bnf
0202030S0AACUCU,bnf
0205051F0AACYCY,bnf
0206020T0AABEBE,bnf
0206020R0AABEBE,bnf
0206020R0AAANAN,bnf
0204000K0BBADAD,bnf
0205040S0BEACAD,bnf
0205040S0BEADAE,bnf
0205040S0BEABAC,bnf
0205052I0BDACAC,bnf
0205052I0BDABAB,bnf
0204000M0AAALAL,bnf
0204000M0AAAFAF,bnf
0204000M0AAAIAI,bnf
0204000M0AAADAD,bnf
0206020R0BKACAR,bnf
0206020R0BKADAE,bnf
0204000H0BCABAB,bnf
0204000E0AAACAC,bnf
0204000E0AAAPAP,bnf
0204000E0AAASAS,bnf
0206020T0BHACAH,bnf
0206020T0BHADAH,bnf
0206020T0BHAAAH,bnf
0206020T0BHABAH,bnf
0204000R0BVADDB,bnf
0204000R0BVACCY,bnf
0204000R0BVABCX,bnf
0206020T0BJAAAH,bnf
0206020T0AAAKAK,bnf
0206020T0AABHBH,bnf
0206020T0BLAAAH,bnf
0206020T0BIAAAH,bnf
0206020T0AAAHAH,bnf
0204000R0AACUCU,bnf
0204000R0AAAHAH,bnf
0204000R0AACMCM,bnf
0204000R0AACZCZ,bnf
0204000R0AAABAB,bnf
0204000R0AAALAL,bnf
0204000R0AACRCR,bnf
0204000R0AADHDH,bnf
0204000R0AADDDD,bnf
0204000R0AACQCQ,bnf
0204000R0AADEDE,bnf
0204000R0AACJCJ,bnf
0204000R0AADADA,bnf
0204000R0AACTCT,bnf
0205052R0BCABAB,bnf
0205052R0BCACAC,bnf
0205052R0BCAAAA,bnf
0206020F0BFABAC,bnf
0205051I0BEACAC,bnf
0205051I0BEABAB,bnf
0205051I0BEADAD,bnf
0202030X0BBAAAA,bnf
0202030X0BBABAB,bnf
0206020C0BCABAS,bnf
0206020C0BCACAC,bnf
0205051U0BCACAC,bnf
0205051U0BCAAAA,bnf
0205051U0BCABAB,bnf
0205040S0AAACAC,bnf
0205040S0AAANAN,bnf
0205040V0AAADAD,bnf
0205040S0AAAKAK,bnf
0205040S0AAADAD,bnf
0205040V0AAAAAA,bnf
0205040V0AAABAB,bnf
0206020T0AABFBF,bnf
0202030S0AACZCZ,bnf
0204000R0BXABAB,bnf
0204000R0BXAAAA,bnf
0205051L0BBACAC,bnf
0205051J0AAAAAA,bnf
0204000E0BCADAC,bnf
020400040BDABAB,bnf
0202030S0BJACAV,bnf
0205052W0BBAAAA,bnf
0205052W0BBABAB,bnf
0206020F0BBABAC,bnf
0206020F0BBACAD,bnf
0206020R0CJAAAN,bnf
0206020R0CJABAP,bnf
0204000P0BBABAB,bnf
0206020Q0AAADAD,bnf
0206020Q0AAABAB,bnf
0206020Q0AAACAC,bnf
0204000F0BBAAAA,bnf
0204000F0AAAAAA,bnf
0205052Q0AAABAB,bnf
0205051L0AAAHAH,bnf
0205051L0AAACAC,bnf
0205051L0AAATAT,bnf
0205051L0AAAJAJ,bnf
0205051L0AAAKAK,bnf
0204000H0BKACAM,bnf
0204000H0BKAAAM,bnf
0202040G0BBABAB,bnf
0202040G0BBAAAA,bnf
0206020C0BFADAU,bnf
0206020C0BFAAAS,bnf
0206020C0BFAEAV,bnf
0206020C0BFACAT,bnf
0204000E0BBAFAB,bnf
0204000E0BBACAC,bnf
0202030C0AABBBB,bnf
0202030C0AAA8A8,bnf
0202030C0AAAZAZ,bnf
0202030C0AAA2A2,bnf
0202030C0AAA1A1,bnf
0202030C0AAA3A3,bnf
0202030C0AABEBE,bnf
0202030C0AAA6A6,bnf
020400060BBABAB,bnf
020400060BBAAAA,bnf
0206020C0BBABAC,bnf
0206020C0BBACAS,bnf
0206020C0BBADAE,bnf
0204000X0BBAAAA,bnf
0204000X0BBABAB,bnf
0205051F0BBAAAD,bnf
0205051F0BBABAE,bnf
0205051F0BBACAF,bnf
0202010B0BFABAB,bnf
0205040S0BCABAD,bnf
0205051C0AAABAB,bnf
0204000M0BBAAAA,bnf
0204000M0BBABAB,bnf
0205051K0BDAAAB,bnf
0205051K0BDABAA,bnf
0206020K0BBABAB,bnf
0206020K0BBAAAA,bnf
0206020C0BUACAU,bnf
0206020C0BUABAT,bnf
0205051W0AAAAAA,bnf
0205020M0AAACAC,bnf
0205020M0AAAAAA,bnf
0205020M0AAABAB,bnf
0206020F0BIAFAC,bnf
0206020F0BIABAC,bnf
0206020F0BIADAC,bnf
0205040D0BCAAAB,bnf
0205040D0BCABAC,bnf
0206020R0CIAAAN,bnf
0206020R0CIABAP,bnf
0205040M0AAACAC,bnf
0205040M0AAANAN,bnf
0206020C0BYABAT,bnf
0206020C0BYACAU,bnf
0205040D0BGAAAQ,bnf
0205040D0BGABAQ,bnf
0205020H0AAAIAI,bnf
0205020H0AAADAD,bnf
0205051F0BEAAAD,bnf
0205051F0BEACAF,bnf
0205051F0BEABAE,bnf
0206020C0BSACAU,bnf
0206020C0BSABAT,bnf
0206020C0BWAAAU,bnf
0206020C0BWABAV,bnf
0206020C0BWACAW,bnf
0206020C0BWADAE,bnf
0206020C0BWAFAT,bnf
0205051R0BCACAD,bnf
0205051R0BCAAAB,bnf
0206020B0BBAAAA,bnf
0206020B0BBABAB,bnf
0204000N0BFACAD,bnf
0204000N0BEAAAF,bnf
0204000N0BFABAC,bnf
0206020R0BWAAAE,bnf
0206020R0BWABAR,bnf
0205052I0BEACAC,bnf
0205052I0BEABAB,bnf
0204000E0BEAAAB,bnf
0204000E0BEABAC,bnf
0204000E0BEACAG,bnf
0206020R0BHAEAE,bnf
0206020R0BHABAB,bnf
0206020R0BRAAAR,bnf
0206020R0BRABAE,bnf
0206020R0BRACAN,bnf
0205052B0AAAAAA,bnf
0205052B0AAADAD,bnf
0204000R0AACXCX,bnf
0206020A0AAATAT,bnf
0202040C0BFABAB,bnf
0202040C0BFAAAA,bnf
0205051G0BCABAB,bnf
0205051G0BCAAAA,bnf
0206020R0CFABAN,bnf
0206020R0CFAAAR,bnf
0205052W0AAABAB,bnf
0205052W0AAAAAA,bnf
0205052W0AAADAD,bnf
0205052ADBBABAB,bnf
0205052ADBBACAC,bnf
0206020C0BBAEAX,bnf
0202010B0AAAWAW,bnf
0202010B0AAASAS,bnf
0205040D0BKABAQ,bnf
0205040D0BKAAAQ,bnf
0205040S0BBACAD,bnf
0205040S0BBABAC,bnf
0206020C0BEABAC,bnf
0206020C0BEACAS,bnf
0204000H0BJABAB,bnf
0205051C0BBABAB,bnf
0206020A0BBABAB,bnf
0206020L0BBAAAA,bnf
0205020H0BBABAD,bnf
0205020H0BBACAE,bnf
0205051E0BBACAC,bnf
0206020M0AAABAB,bnf
0206020M0AAACAC,bnf
0206020F0BGABAC,bnf
0206020F0BGACAD,bnf
0205051S0BBABAB,bnf
0205051S0BBAAAA,bnf
0204000H0BIABAB,bnf
0204000H0BIAAAA,bnf
0206020A0BFABAB,bnf
0206020F0BJACAD,bnf
0206020F0BJABAC,bnf
0206020R0CEAAAR,bnf
0206020R0CEABAR,bnf
0202010P0BBABAD,bnf
0202010P0BBAAAA,bnf
0205051F0BCACAF,bnf
0204000H0BBABAB,bnf
0204000H0BBAAAA,bnf
0202040B0BBACAC,bnf
0205051L0BEACAC,bnf
0206020Z0BBACAC,bnf
0206020F0BLABAC,bnf
0204000R0BUAAAB,bnf
0204000Y0AAAAAA,bnf
0205051AAAAACAC,bnf
0205010N0BBACAC,bnf
0205052B0BBAAAA,bnf